road_id,road_name,traffic,pothole_count,psi,priority_score
672564_672566_0,Unknown,0.0,1,4866.161698976771,0.6
871862937_250417791_0,Unknown,0.0,2,2107.095258010863,0.25980582500420374
309409657_309415424_0,Sadlers Walk,0.0,1,1807.4790582618318,0.2228630082689482
309189905_309391494_0,Livery Street,0.0,1,1790.2008209463115,0.2207325935744484
872128463_872128470_0,Kilby Avenue,0.0,1,770.3210591277207,0.09498094475031928
